{"graph_0": {"_type": "graph-file", "path": "media/graph/g.r.a.p.h._.0_summary_577a5526.graph.json", "sha256": "577a55263df383bd2785ba0c209246be6a23588a150cf4201e4efcac6bb74fb5", "size": 46367}, "Training loss": 3.353095531463623, "lr": 3.934426229508197e-06, "global_step": 300, "_step": 5, "_runtime": 2543, "_timestamp": 1605830047}